<?xml version="1.0" encoding="UTF-8" standalone="no" ?>
<n1:Level-2A_Tile_ID xmlns:n1="https://psd-12.sentinel2.eo.esa.int/PSD/S2_PDI_Level-2A_Tile_Metadata.xsd" xmlns:xsi="http://www.w3.org/2001/XMLSchema-instance" xsi:schemaLocation="https://psd-12.sentinel2.eo.esa.int/PSD/S2_PDI_Level-2A_Tile_Metadata.xsd /dpc/app/s2ipf/FORMAT_METADATA_TILE_L1C/02.09.05/scripts/../../../schemas/02.11.05/PSD/S2_PDI_Level-2A_Tile_Metadata.xsd">

  <n1:General_Info>
    <TILE_ID_2A metadataLevel="Brief">S2A_USER_MSI_L2A_TL_MTI__20151231T235959_A000123_T32TQR_N01.03</TILE_ID_2A>
    <DATASTRIP_ID_2A metadataLevel="Standard">S2A_USER_MSI_L2A_DS_MTI__20151231T235959_S20151231T235959_N01.03</DATASTRIP_ID_2A>
    <DOWNLINK_PRIORITY metadataLevel="Standard">NOMINAL</DOWNLINK_PRIORITY>
    <SENSING_TIME metadataLevel="Standard">2015-12-31T23:59:59.999Z</SENSING_TIME>
    <Archiving_Info metadataLevel="Expertise">
      <ARCHIVING_CENTRE>MTI_</ARCHIVING_CENTRE>
      <ARCHIVING_TIME>2015-12-31T23:59:59.999Z</ARCHIVING_TIME>
    </Archiving_Info>
  </n1:General_Info>

  <n1:Geometric_Info>
    <Tile_Geocoding metadataLevel="Brief">
      <HORIZONTAL_CS_NAME>WGS84 / UTM zone 32N</HORIZONTAL_CS_NAME>
      <HORIZONTAL_CS_CODE>EPSG:32632</HORIZONTAL_CS_CODE>
      <Size resolution="10">
        <NROWS>10980</NROWS>
        <NCOLS>10980</NCOLS>
      </Size>
      <Size resolution="20">
        <NROWS>5490</NROWS>
        <NCOLS>5490</NCOLS>
      </Size>
      <Size resolution="60">
        <NROWS>1830</NROWS>
        <NCOLS>1830</NCOLS>
      </Size>
      <Geoposition resolution="10">
        <ULX>699960</ULX>
        <ULY>5100060</ULY>
        <XDIM>10</XDIM>
        <YDIM>-10</YDIM>
      </Geoposition>
      <Geoposition resolution="20">
        <ULX>699960</ULX>
        <ULY>5100060</ULY>
        <XDIM>20</XDIM>
        <YDIM>-20</YDIM>
      </Geoposition>
      <Geoposition resolution="60">
        <ULX>699960</ULX>
        <ULY>5100060</ULY>
        <XDIM>60</XDIM>
        <YDIM>-60</YDIM>
      </Geoposition>
    </Tile_Geocoding>
    <Tile_Angles metadataLevel="Standard">
      <Sun_Angles_Grid>
        <Zenith>
          <COL_STEP unit="m">5000</COL_STEP>
          <ROW_STEP unit="m">5000</ROW_STEP>
          <Values_List>
            <VALUES/>
          </Values_List>
        </Zenith>
        <Azimuth>
          <COL_STEP unit="m">5000</COL_STEP>
          <ROW_STEP unit="m">5000</ROW_STEP>
          <Values_List>
            <VALUES/>
          </Values_List>
        </Azimuth>
      </Sun_Angles_Grid>
      <Mean_Sun_Angle>
        <ZENITH_ANGLE unit="deg">26</ZENITH_ANGLE>
        <AZIMUTH_ANGLE unit="deg">135</AZIMUTH_ANGLE>
      </Mean_Sun_Angle>
      <Viewing_Incidence_Angles_Grids bandId="0" detectorId="1">
        <Zenith>
          <COL_STEP unit="m">5000</COL_STEP>
          <ROW_STEP unit="m">5000</ROW_STEP>
          <Values_List>
            <VALUES/>
          </Values_List>
        </Zenith>
        <Azimuth>
          <COL_STEP unit="m">5000</COL_STEP>
          <ROW_STEP unit="m">5000</ROW_STEP>
          <Values_List>
            <VALUES/>
          </Values_List>
        </Azimuth>
      </Viewing_Incidence_Angles_Grids>
<Mean_Viewing_Incidence_Angle_List>
        <Mean_Viewing_Incidence_Angle bandId="0">
          <ZENITH_ANGLE unit="deg">9</ZENITH_ANGLE>
          <AZIMUTH_ANGLE unit="deg">104</AZIMUTH_ANGLE>
        </Mean_Viewing_Incidence_Angle>
      </Mean_Viewing_Incidence_Angle_List>
    </Tile_Angles>

  </n1:Geometric_Info>

  <n1:Quality_Indicators_Info metadataLevel="Standard">
    <L1C_Image_Content_QI>
      <CLOUDY_PIXEL_PERCENTAGE>0</CLOUDY_PIXEL_PERCENTAGE>
      <DEGRADED_MSI_DATA_PERCENTAGE>0</DEGRADED_MSI_DATA_PERCENTAGE>
    </L1C_Image_Content_QI>
    <L2A_Image_Content_QI>
        <NODATA_PIXEL_PERCENTAGE>0</NODATA_PIXEL_PERCENTAGE>
        <SATURATED_DEFECTIVE_PIXEL_PERCENTAGE>0</SATURATED_DEFECTIVE_PIXEL_PERCENTAGE>
        <DARK_FEATURES_PERCENTAGE>0</DARK_FEATURES_PERCENTAGE>
        <CLOUD_SHADOW_PERCENTAGE>0</CLOUD_SHADOW_PERCENTAGE>
        <VEGETATION_PERCENTAGE>0</VEGETATION_PERCENTAGE>
        <BARE_SOILS_PERCENTAGE>0</BARE_SOILS_PERCENTAGE>
        <WATER_PERCENTAGE>0</WATER_PERCENTAGE>
        <LOW_PROBA_CLOUDS_PERCENTAGE>0</LOW_PROBA_CLOUDS_PERCENTAGE>
        <MEDIUM_PROBA_CLOUDS_PERCENTAGE>0</MEDIUM_PROBA_CLOUDS_PERCENTAGE>
        <HIGH_PROBA_CLOUDS_PERCENTAGE>0</HIGH_PROBA_CLOUDS_PERCENTAGE>
        <THIN_CIRRUS_PERCENTAGE>0</THIN_CIRRUS_PERCENTAGE>
        <SNOW_ICE_PERCENTAGE>0</SNOW_ICE_PERCENTAGE>
        <RADIATIVE_TRANSFER_ACCURAY>0</RADIATIVE_TRANSFER_ACCURAY>
        <WATER_VAPOUR_RETRIEVAL_ACCURACY>0</WATER_VAPOUR_RETRIEVAL_ACCURACY>
        <AOT_RETRIEVAL_ACCURACY>0</AOT_RETRIEVAL_ACCURACY>
    </L2A_Image_Content_QI>
    <L1C_Pixel_Level_QI geometry="FULL_RESOLUTION">
      <MASK_FILENAME bandId="0" type="MSK_DEFECT">S2A_USER_MSK_DEFECT_MTI__20151231T235959_A000123_T32TQR_B01_MSIL1C.gml</MASK_FILENAME>
    </L1C_Pixel_Level_QI>
    <L2A_Pixel_Level_QI>
      <CLOUD_CONFIDENCE_MASK>S2A_USER_CLD_L2A_TL_MTI__20151231T235959_A000123_T32TQR</CLOUD_CONFIDENCE_MASK>
      <SNOW_ICE_CONFIDENCE_MASK>S2A_USER_SNW_L2A_TL_MTI__20151231T235959_A000123_T32TQR</SNOW_ICE_CONFIDENCE_MASK>
    </L2A_Pixel_Level_QI>
    <PVI_FILENAME>S2A_USER_PVI_L2A_TL_MTI__20151231T235959_A000123_T32TQR</PVI_FILENAME>
  </n1:Quality_Indicators_Info>

</n1:Level-2A_Tile_ID>
