<?xml version="1.0" encoding="UTF-8"?>
<CoverageDescription xmlns="http://www.opengis.net/wcs"
 xmlns:gml="http://www.opengis.net/gml"
 xmlns:xlink="http://www.w3.org/1999/xlink"
 xmlns:xsi="http://www.w3.org/2001/XMLSchema-instance"
 xsi:schemaLocation="http://www.opengis.net/wcs http://schemas.opengeospatial.net/wcs/1.0.0/describeCoverage.xsd" version="1.0.0">
<CoverageOffering>
    <name>2</name>
    <label>Rakko- ja itämerenhauruvaltaiset pohjat, Fucus spp._2</label>
    <lonLatEnvelope srsName="urn:ogc:def:crs:OGC:1.3:CRS84">
      <gml:pos dimension="2">17.483058091685198 59.361975321783405</gml:pos>
      <gml:pos dimension="2">27.956287922334674 65.841210879037476</gml:pos>
    </lonLatEnvelope>
    <domainSet>
      <spatialDomain>
        <gml:Envelope srsName="EPSG:3067">
          <gml:pos dimension="2">61676.038377249904 6605831.1432084311</gml:pos>
          <gml:pos dimension="2">543676.03837724985 7302211.1432084311</gml:pos>
        </gml:Envelope>
        <gml:RectifiedGrid srsName="EPSG:3067" dimension="2">
          <gml:limits>
            <gml:GridEnvelope>
              <gml:low>0 0</gml:low> 
              <gml:high>24099 34818</gml:high>
            </gml:GridEnvelope>
          </gml:limits>
          <gml:axisName>Raster_Pixel_Columns(X-axis)</gml:axisName>
          <gml:axisName>Raster_Pixel_Rows(Y-axis)</gml:axisName>
          <gml:origin>
            <gml:pos>61686.038377249904 7302201.1432084311</gml:pos>
          </gml:origin>
          <gml:offsetVector>19.999999999999996 0</gml:offsetVector>
          <gml:offsetVector>0 -20</gml:offsetVector>
        </gml:RectifiedGrid>
      </spatialDomain>
    </domainSet>
    <rangeSet>
      <RangeSet>
        <name>RangeSet_2</name>
        <label>Rakko- ja itämerenhauruvaltaiset pohjat, Fucus spp._2 RangeSet</label>
      <axisDescription>
          <AxisDescription>
            <name>Band</name>
            <label>Band Numbers</label>
            <values>
              <singleValue>1</singleValue>
            </values>
          </AxisDescription>
      </axisDescription>
      </RangeSet>
    </rangeSet>
    <supportedCRSs>
      <requestResponseCRSs>EPSG:4326</requestResponseCRSs>
      <requestResponseCRSs>EPSG:3067</requestResponseCRSs>
      <nativeCRSs>EPSG:3067</nativeCRSs>
    </supportedCRSs>
    <supportedFormats nativeFormat="GeoTIFF">
  <formats>GeoTIFF</formats>
  <formats>NITF</formats>
  <formats>HDF</formats>
  <formats>JPEG2000</formats>
  <formats>PNG</formats>
    </supportedFormats>
    <supportedInterpolations default="nearest neighbor">
      <interpolationMethod>nearest neighbor</interpolationMethod>
      <interpolationMethod>bilinear</interpolationMethod>
      <interpolationMethod>bicubic</interpolationMethod>
    </supportedInterpolations>
</CoverageOffering>
</CoverageDescription>
