<?xml version='1.0' encoding="UTF-8" ?>
<CoverageDescription
   version="1.0.0" 
   updateSequence="2015-04-14T14:29:00Z" 
   xmlns="http://www.opengis.net/wcs" 
   xmlns:xlink="http://www.w3.org/1999/xlink" 
   xmlns:gml="http://www.opengis.net/gml" 
   xmlns:xsi="http://www.w3.org/2001/XMLSchema-instance"
   xsi:schemaLocation="http://www.opengis.net/wcs http://schemas.opengis.net/wcs/1.0.0/describeCoverage.xsd">
  <CoverageOffering>
  <description>European Marine Observation and Data Network (EMODnet) bathymetry for the Adriatic Sea - Ionian Sea - Central Mediterranean region.  Native data is multi-colour GeoTiff.</description>
  <name>BGS_EMODNET_CentralMed-MCol</name>
  <label>Adriatic Sea - Ionian Sea - Central Mediterranean [Multi Colour]</label>
    <lonLatEnvelope srsName="urn:ogc:def:crs:OGC:1.3:CRS84">
      <gml:pos>9.83125 30.01040372</gml:pos>
      <gml:pos>22.23542659 46.18958333</gml:pos>
    </lonLatEnvelope>
  <keywords>
    <keyword>OneGeology</keyword>
    <keyword>continent@Europe</keyword>
    <keyword>dataprovider@EMODnet</keyword>
    <keyword>serviceprovider@British Geological Survey</keyword>
    <keyword>DS_TOPIC@geoscientificInformation</keyword>
    <keyword>DS_DATE@2011-06-30</keyword>
    <keyword>Bathymetry</keyword>
    <keyword>CRS_SUPPORTED@EPSG:4326 EPSG:3031 EPSG:3034 EPSG:3413 EPSG:3857 EPSG:4258</keyword>
    <keyword>geographicarea@Adriatic Sea and Ionian Sea and Central Mediterranean</keyword>
  </keywords>
    <domainSet>
      <spatialDomain>
        <gml:Envelope srsName="EPSG:4326">
          <gml:pos>9.83125 30.01040372</gml:pos>
          <gml:pos>22.23542659 46.18958333</gml:pos>
        </gml:Envelope>
        <gml:Envelope srsName="EPSG:4326">
          <gml:pos>9.83125 30.01040372</gml:pos>
          <gml:pos>22.23542659 46.18958333</gml:pos>
        </gml:Envelope>
        <gml:RectifiedGrid dimension="2">
          <gml:limits>
            <gml:GridEnvelope>
              <gml:low>0 0</gml:low>
              <gml:high>2976 3882</gml:high>
            </gml:GridEnvelope>
          </gml:limits>
          <gml:axisName>x</gml:axisName>
          <gml:axisName>y</gml:axisName>
          <gml:origin>
            <gml:pos>9.83125 46.18958333</gml:pos>
          </gml:origin>
          <gml:offsetVector>0.00416667 0</gml:offsetVector>
          <gml:offsetVector>0 -0.00416667</gml:offsetVector>
        </gml:RectifiedGrid>
      </spatialDomain>
    </domainSet>
    <rangeSet>
      <RangeSet>
        <description>Depth</description>
        <name>band</name>
        <label>Red/Green/Blue colour interpretations</label>
        <axisDescription>
          <AxisDescription>
            <name>bands</name>
            <label>Bands/Channels/Samples</label>
            <values>
              <singleValue>1</singleValue>
              <singleValue>2</singleValue>
              <singleValue>3</singleValue>
            </values>
          </AxisDescription>
        </axisDescription>
      </RangeSet>
    </rangeSet>
    <supportedCRSs>
      <requestResponseCRSs>EPSG:4326</requestResponseCRSs>
      <requestResponseCRSs>EPSG:3031</requestResponseCRSs>
      <requestResponseCRSs>EPSG:3034</requestResponseCRSs>
      <requestResponseCRSs>EPSG:3413</requestResponseCRSs>
      <requestResponseCRSs>EPSG:3857</requestResponseCRSs>
      <requestResponseCRSs>EPSG:4258</requestResponseCRSs>
      <nativeCRSs>EPSG:4326</nativeCRSs>
    </supportedCRSs>
    <supportedFormats>
      <formats>GTiff</formats>
    </supportedFormats>
    <supportedInterpolations default="nearest neighbor">
      <interpolationMethod>nearest neighbor</interpolationMethod>
      <interpolationMethod>bilinear</interpolationMethod>
    </supportedInterpolations>
  </CoverageOffering>
</CoverageDescription>
