<?xml version="1.0" encoding="UTF-8"?><wcs:CoverageDescription xmlns:wcs="http://www.opengis.net/wcs" xmlns:xlink="http://www.w3.org/1999/xlink" xmlns:ogc="http://www.opengis.net/ogc" xmlns:ows="http://www.opengis.net/ows/1.1" xmlns:gml="http://www.opengis.net/gml" xmlns:xsi="http://www.w3.org/2001/XMLSchema-instance" xsi:schemaLocation="http://www.opengis.net/wcs https://msp.smartsea.fmi.fi/geoserver/schemas/wcs/1.0.0/describeCoverage.xsd" version="1.0.0"><wcs:CoverageOffering><wcs:description>Generated from GeoTIFF</wcs:description><wcs:name>smartsea:eusm2016-EPSG2393</wcs:name><wcs:label>eusm2016-EPSG2393</wcs:label><wcs:lonLatEnvelope srsName="urn:ogc:def:crs:OGC:1.3:CRS84"><gml:pos>17.476423085843237 58.78148741181874</gml:pos><gml:pos>25.81728699126928 65.85020367362361</gml:pos></wcs:lonLatEnvelope><wcs:keywords><wcs:keyword>eusm2016-EPSG2393</wcs:keyword><wcs:keyword>WCS</wcs:keyword><wcs:keyword>GeoTIFF</wcs:keyword></wcs:keywords><wcs:domainSet><wcs:spatialDomain><gml:Envelope srsName="EPSG:2393"><gml:pos>3061592.6391462097 6543350.381089335</gml:pos><gml:pos>3432141.361396798 7307056.899896299</gml:pos></gml:Envelope><gml:RectifiedGrid dimension="2" srsName="EPSG:2393"><gml:limits><gml:GridEnvelope><gml:low>0 0</gml:low><gml:high>18519 38169</gml:high></gml:GridEnvelope></gml:limits><gml:axisName>Y</gml:axisName><gml:axisName>X</gml:axisName><gml:origin><gml:pos>3061602.643161389 7307046.895881119</gml:pos></gml:origin><gml:offsetVector>20.00803035910304 0.0</gml:offsetVector><gml:offsetVector>0.0 -20.00803035910304</gml:offsetVector></gml:RectifiedGrid></wcs:spatialDomain></wcs:domainSet><wcs:rangeSet><wcs:RangeSet><wcs:name>eusm2016-EPSG2393</wcs:name><wcs:label>eusm2016-EPSG2393</wcs:label><wcs:axisDescription><wcs:AxisDescription><wcs:name>Band</wcs:name><wcs:label>Band</wcs:label><wcs:values><wcs:singleValue>1</wcs:singleValue></wcs:values></wcs:AxisDescription></wcs:axisDescription></wcs:RangeSet></wcs:rangeSet><wcs:supportedCRSs><wcs:requestResponseCRSs>EPSG:2393</wcs:requestResponseCRSs></wcs:supportedCRSs><wcs:supportedFormats nativeFormat="GeoTIFF"><wcs:formats>ArcGrid</wcs:formats><wcs:formats>GeoTIFF</wcs:formats><wcs:formats>GIF</wcs:formats><wcs:formats>Gtopo30</wcs:formats><wcs:formats>ImageMosaic</wcs:formats><wcs:formats>JPEG</wcs:formats><wcs:formats>PNG</wcs:formats><wcs:formats>TIFF</wcs:formats></wcs:supportedFormats><wcs:supportedInterpolations default="nearest neighbor"><wcs:interpolationMethod>nearest neighbor</wcs:interpolationMethod><wcs:interpolationMethod>bilinear</wcs:interpolationMethod><wcs:interpolationMethod>bicubic</wcs:interpolationMethod></wcs:supportedInterpolations></wcs:CoverageOffering></wcs:CoverageDescription>