<?xml version="1.0" encoding="UTF-8"?><wcs:CoverageDescriptions xmlns:wcs="http://www.opengis.net/wcs/1.1.1" xmlns:xlink="http://www.w3.org/1999/xlink" xmlns:ogc="http://www.opengis.net/ogc" xmlns:ows="http://www.opengis.net/ows/1.1" xmlns:gml="http://www.opengis.net/gml" xmlns:xsi="http://www.w3.org/2001/XMLSchema-instance" xsi:schemaLocation="http://www.opengis.net/wcs/1.1.1 https://msp.smartsea.fmi.fi/geoserver/schemas/wcs/1.1.1/wcsDescribeCoverage.xsd"><wcs:CoverageDescription><ows:Title>eusm2016</ows:Title><ows:Abstract>Generated from GeoTIFF</ows:Abstract><ows:Keywords><ows:Keyword>eusm2016</ows:Keyword><ows:Keyword>WCS</ows:Keyword><ows:Keyword>GeoTIFF</ows:Keyword></ows:Keywords><wcs:Identifier>smartsea:eusm2016</wcs:Identifier><wcs:Domain><wcs:SpatialDomain><ows:BoundingBox crs="urn:ogc:def:crs:OGC:1.3:CRS84" dimensions="2"><ows:LowerCorner>17.475602613769112 58.7813118158553</ows:LowerCorner><ows:UpperCorner>25.816386818370457 65.85002305038745</ows:UpperCorner></ows:BoundingBox><ows:BoundingBox crs="urn:ogc:def:crs:EPSG::3067" dimensions="2"><ows:LowerCorner>61600.0 6540600.0</ows:LowerCorner><ows:UpperCorner>432000.0 7304000.0</ows:UpperCorner></ows:BoundingBox><wcs:GridCRS><wcs:GridBaseCRS>urn:ogc:def:crs:EPSG::3067</wcs:GridBaseCRS><wcs:GridType>urn:ogc:def:method:WCS:1.1:2dGridIn2dCrs</wcs:GridType><wcs:GridOrigin>61610.0 7303990.0</wcs:GridOrigin><wcs:GridOffsets>20.0 0.0 0.0 -20.0</wcs:GridOffsets><wcs:GridCS>urn:ogc:def:cs:OGC:0.0:Grid2dSquareCS</wcs:GridCS></wcs:GridCRS></wcs:SpatialDomain></wcs:Domain><wcs:Range><wcs:Field><wcs:Identifier>contents</wcs:Identifier><wcs:Definition><ows:AllowedValues><ows:Range><ows:MinimumValue>1.0</ows:MinimumValue><ows:MaximumValue>25.0</ows:MaximumValue></ows:Range></ows:AllowedValues></wcs:Definition><wcs:NullValue>255.0</wcs:NullValue><wcs:InterpolationMethods><wcs:InterpolationMethod>nearest</wcs:InterpolationMethod><wcs:InterpolationMethod>linear</wcs:InterpolationMethod><wcs:InterpolationMethod>cubic</wcs:InterpolationMethod><wcs:Default>nearest neighbor</wcs:Default></wcs:InterpolationMethods><wcs:Axis identifier="Bands"><wcs:AvailableKeys><wcs:Key>GRAY_INDEX</wcs:Key></wcs:AvailableKeys></wcs:Axis></wcs:Field></wcs:Range><wcs:SupportedCRS>urn:ogc:def:crs:EPSG::3067</wcs:SupportedCRS><wcs:SupportedCRS>EPSG:3067</wcs:SupportedCRS><wcs:SupportedFormat>image/tiff</wcs:SupportedFormat><wcs:SupportedFormat>image/png</wcs:SupportedFormat><wcs:SupportedFormat>image/jpeg</wcs:SupportedFormat></wcs:CoverageDescription></wcs:CoverageDescriptions>