<?xml version="1.0" encoding="UTF-8"?><wcs:WCS_Capabilities version="1.0.0" xmlns:wcs="http://www.opengis.net/wcs" xmlns:xlink="http://www.w3.org/1999/xlink" xmlns:ogc="http://www.opengis.net/ogc" xmlns:ows="http://www.opengis.net/ows/1.1" xmlns:gml="http://www.opengis.net/gml" xmlns:xsi="http://www.w3.org/2001/XMLSchema-instance" xsi:schemaLocation="http://www.opengis.net/wcs https://msp.smartsea.fmi.fi/geoserver/schemas/wcs/1.0.0/wcsCapabilities.xsd" updateSequence="262"><wcs:Service><wcs:metadataLink about="http://geoserver.sourceforge.net/html/index.php" xlink:type="simple" metadataType="other"/><wcs:description>This server implements the WCS specification 1.0 and 1.1.1, it's reference implementation of WCS 1.1.1. All layers published by this service are available on WMS also.
     </wcs:description><wcs:name>WCS</wcs:name><wcs:label>Web Coverage Service</wcs:label><wcs:keywords><wcs:keyword>WCS</wcs:keyword><wcs:keyword>WMS</wcs:keyword><wcs:keyword>GEOSERVER</wcs:keyword></wcs:keywords><wcs:responsibleParty><wcs:individualName>Ari Jolma</wcs:individualName><wcs:organisationName>Finnish Environment Institute, Marine Research Centre</wcs:organisationName><wcs:positionName>Senior Research Scientist</wcs:positionName><wcs:contactInfo><wcs:phone/><wcs:address><wcs:city>Helsinki</wcs:city><wcs:country>Finland</wcs:country><wcs:electronicMailAddress>ari.jolma@gmail.com</wcs:electronicMailAddress></wcs:address></wcs:contactInfo></wcs:responsibleParty><wcs:fees>NONE</wcs:fees><wcs:accessConstraints>NONE</wcs:accessConstraints></wcs:Service><wcs:Capability><wcs:Request><wcs:GetCapabilities><wcs:DCPType><wcs:HTTP><wcs:Get><wcs:OnlineResource xlink:href="https://msp.smartsea.fmi.fi/geoserver/wcs?"/></wcs:Get></wcs:HTTP></wcs:DCPType><wcs:DCPType><wcs:HTTP><wcs:Post><wcs:OnlineResource xlink:href="https://msp.smartsea.fmi.fi/geoserver/wcs?"/></wcs:Post></wcs:HTTP></wcs:DCPType></wcs:GetCapabilities><wcs:DescribeCoverage><wcs:DCPType><wcs:HTTP><wcs:Get><wcs:OnlineResource xlink:href="https://msp.smartsea.fmi.fi/geoserver/wcs?"/></wcs:Get></wcs:HTTP></wcs:DCPType><wcs:DCPType><wcs:HTTP><wcs:Post><wcs:OnlineResource xlink:href="https://msp.smartsea.fmi.fi/geoserver/wcs?"/></wcs:Post></wcs:HTTP></wcs:DCPType></wcs:DescribeCoverage><wcs:GetCoverage><wcs:DCPType><wcs:HTTP><wcs:Get><wcs:OnlineResource xlink:href="https://msp.smartsea.fmi.fi/geoserver/wcs?"/></wcs:Get></wcs:HTTP></wcs:DCPType><wcs:DCPType><wcs:HTTP><wcs:Post><wcs:OnlineResource xlink:href="https://msp.smartsea.fmi.fi/geoserver/wcs?"/></wcs:Post></wcs:HTTP></wcs:DCPType></wcs:GetCoverage></wcs:Request><wcs:Exception><wcs:Format>application/vnd.ogc.se_xml</wcs:Format></wcs:Exception></wcs:Capability><wcs:ContentMetadata><wcs:CoverageOfferingBrief><wcs:description>Generated from GeoTIFF</wcs:description><wcs:name>smartsea:eusm2016</wcs:name><wcs:label>eusm2016</wcs:label><wcs:lonLatEnvelope srsName="urn:ogc:def:crs:OGC:1.3:CRS84"><gml:pos>17.475602613769112 58.7813118158553</gml:pos><gml:pos>25.816386818370457 65.85002305038745</gml:pos></wcs:lonLatEnvelope><wcs:keywords><wcs:keyword>eusm2016</wcs:keyword><wcs:keyword>WCS</wcs:keyword><wcs:keyword>GeoTIFF</wcs:keyword></wcs:keywords></wcs:CoverageOfferingBrief><wcs:CoverageOfferingBrief><wcs:description>Generated from GeoTIFF</wcs:description><wcs:name>smartsea:eusm2016-EPSG2393</wcs:name><wcs:label>eusm2016-EPSG2393</wcs:label><wcs:lonLatEnvelope srsName="urn:ogc:def:crs:OGC:1.3:CRS84"><gml:pos>17.476423085843237 58.78148741181874</gml:pos><gml:pos>25.81728699126928 65.85020367362361</gml:pos></wcs:lonLatEnvelope><wcs:keywords><wcs:keyword>eusm2016-EPSG2393</wcs:keyword><wcs:keyword>WCS</wcs:keyword><wcs:keyword>GeoTIFF</wcs:keyword></wcs:keywords></wcs:CoverageOfferingBrief><wcs:CoverageOfferingBrief><wcs:description>Generated from GeoTIFF</wcs:description><wcs:name>smartsea:south</wcs:name><wcs:label>south</wcs:label><wcs:lonLatEnvelope srsName="urn:ogc:def:crs:OGC:1.3:CRS84"><gml:pos>17.750846897764713 59.40221729779408</gml:pos><gml:pos>32.07494665128107 65.06949807111674</gml:pos></wcs:lonLatEnvelope><wcs:keywords><wcs:keyword>south</wcs:keyword><wcs:keyword>WCS</wcs:keyword><wcs:keyword>GeoTIFF</wcs:keyword></wcs:keywords></wcs:CoverageOfferingBrief></wcs:ContentMetadata></wcs:WCS_Capabilities>