<?xml version="1.0" encoding="UTF-8"?>
<Capabilities xmlns="http://www.opengis.net/wcs/1.1.1"
 xmlns:ows="http://www.opengis.net/ows/1.1"
 xmlns:xsi="http://www.w3.org/2001/XMLSchema-instance"
 xmlns:xlink="http://www.w3.org/1999/xlink"
 xsi:schemaLocation="http://www.opengis.net/wcs/1.1.1 http://schemas.opengis.net/wcs/1.1/wcsGetCapabilities.xsd http://www.opengis.net/ows/1.1/ http://schemas.opengis.net/ows/1.1.0/owsAll.xsd" version="1.1.1">
  <ows:ServiceIdentification>
    <ows:Title>Velmu_wcs_testi</ows:Title>
  <ows:ServiceType>WCS</ows:ServiceType>
  <ows:ServiceTypeVersion>1.0.0</ows:ServiceTypeVersion>
  <ows:ServiceTypeVersion>1.1.0</ows:ServiceTypeVersion>
  <ows:ServiceTypeVersion>1.1.1</ows:ServiceTypeVersion>
  <ows:ServiceTypeVersion>1.1.2</ows:ServiceTypeVersion>
  <ows:Fees>NONE</ows:Fees>
  <ows:AccessConstraints>NONE</ows:AccessConstraints>
  </ows:ServiceIdentification>
  <ows:ServiceProvider>
    <ows:ProviderName></ows:ProviderName>
    <ows:ServiceContact>
      <ows:ContactInfo>
        <ows:Phone>
        </ows:Phone>
        <ows:Address>
        </ows:Address>
        <ows:OnlineResource xlink:href="http://paikkatieto.ymparisto.fi/arcgis/services/Testit/Velmu_wcs_testi/MapServer/WCSServer"/>
      </ows:ContactInfo>
    </ows:ServiceContact>
  </ows:ServiceProvider>
  <ows:OperationsMetadata>
    <ows:Operation name="GetCapabilities">
      <ows:DCP>
        <ows:HTTP>
          <ows:Get xlink:href="http://paikkatieto.ymparisto.fi/arcgis/services/Testit/Velmu_wcs_testi/MapServer/WCSServer"/>
          <ows:Post xlink:href="http://paikkatieto.ymparisto.fi/arcgis/services/Testit/Velmu_wcs_testi/MapServer/WCSServer"/>
        </ows:HTTP>
      </ows:DCP>
      <ows:Parameter name="service">
        <ows:AllowedValues>
          <ows:Value>WCS</ows:Value>
        </ows:AllowedValues>
      </ows:Parameter>
      <ows:Parameter name="AcceptVersions">
        <ows:AllowedValues>
          <ows:Value>1.0.0</ows:Value>
          <ows:Value>1.1.0</ows:Value>
          <ows:Value>1.1.1</ows:Value>
          <ows:Value>1.1.2</ows:Value>
        </ows:AllowedValues>
      </ows:Parameter>
    </ows:Operation>
    <ows:Operation name="DescribeCoverage">
      <ows:DCP>
        <ows:HTTP>
          <ows:Get xlink:href="http://paikkatieto.ymparisto.fi/arcgis/services/Testit/Velmu_wcs_testi/MapServer/WCSServer"/>
          <ows:Post xlink:href="http://paikkatieto.ymparisto.fi/arcgis/services/Testit/Velmu_wcs_testi/MapServer/WCSServer"/>
        </ows:HTTP>
      </ows:DCP>
      <ows:Parameter name="service">
        <ows:AllowedValues>
          <ows:Value>WCS</ows:Value>
        </ows:AllowedValues>
      </ows:Parameter>
      <ows:Parameter name="version">
        <ows:AllowedValues>
          <ows:Value>1.0.0</ows:Value>
          <ows:Value>1.1.0</ows:Value>
          <ows:Value>1.1.1</ows:Value>
          <ows:Value>1.1.2</ows:Value>
        </ows:AllowedValues>
      </ows:Parameter>
      <ows:Parameter name="Identifier">
        <ows:AllowedValues>
          <ows:Value>1</ows:Value>
          <ows:Value>2</ows:Value>
          <ows:Value>3</ows:Value>
        </ows:AllowedValues>
      </ows:Parameter>
    </ows:Operation>
    <ows:Operation name="GetCoverage">
      <ows:DCP>
        <ows:HTTP>
          <ows:Get xlink:href="http://paikkatieto.ymparisto.fi/arcgis/services/Testit/Velmu_wcs_testi/MapServer/WCSServer"/>
          <ows:Post xlink:href="http://paikkatieto.ymparisto.fi/arcgis/services/Testit/Velmu_wcs_testi/MapServer/WCSServer"/>
        </ows:HTTP>
      </ows:DCP>
      <ows:Parameter name="service">
        <ows:AllowedValues>
          <ows:Value>WCS</ows:Value>
        </ows:AllowedValues>
      </ows:Parameter>
      <ows:Parameter name="version">
        <ows:AllowedValues>
          <ows:Value>1.0.0</ows:Value>
          <ows:Value>1.1.0</ows:Value>
          <ows:Value>1.1.1</ows:Value>
          <ows:Value>1.1.2</ows:Value>
        </ows:AllowedValues>
      </ows:Parameter>
      <ows:Parameter name="Identifier">
        <ows:AllowedValues>
          <ows:Value>1</ows:Value>
          <ows:Value>2</ows:Value>
          <ows:Value>3</ows:Value>
        </ows:AllowedValues>
      </ows:Parameter>
      <ows:Parameter name="InterpolationType">
        <ows:AllowedValues>
          <ows:Value>nearest</ows:Value>
          <ows:Value>bilinear</ows:Value>
          <ows:Value>bicubic</ows:Value>
        </ows:AllowedValues>
      </ows:Parameter>
      <ows:Parameter name="format">
        <ows:AllowedValues>
          <ows:Value>image/GeoTIFF</ows:Value>
          <ows:Value>image/NITF</ows:Value>
          <ows:Value>image/JPEG</ows:Value>
          <ows:Value>image/PNG</ows:Value>
          <ows:Value>image/JPEG2000</ows:Value>
          <ows:Value>image/HDF</ows:Value>
        </ows:AllowedValues>
      </ows:Parameter>
      <ows:Parameter name="store">
        <ows:AllowedValues>
          <ows:Value>False</ows:Value>
          <ows:Value>True</ows:Value>
        </ows:AllowedValues>
      </ows:Parameter>
    </ows:Operation>
  </ows:OperationsMetadata>
  <Contents>
    <CoverageSummary>
      <ows:Title>Näkinpartaisniityt_1</ows:Title>
      <ows:Abstract></ows:Abstract>
      <ows:WGS84BoundingBox>
        <ows:LowerCorner>17.483058091685201 59.36197532178339</ows:LowerCorner>
        <ows:UpperCorner>27.956287922334681 65.841210879037476</ows:UpperCorner>
      </ows:WGS84BoundingBox>
      <Identifier>1</Identifier>
    </CoverageSummary>
    <CoverageSummary>
      <ows:Title>Rakko- ja itämerenhauruvaltaiset pohjat, Fucus spp._2</ows:Title>
      <ows:Abstract></ows:Abstract>
      <ows:WGS84BoundingBox>
        <ows:LowerCorner>17.483058091685198 59.361975321783405</ows:LowerCorner>
        <ows:UpperCorner>27.956287922334674 65.841210879037476</ows:UpperCorner>
      </ows:WGS84BoundingBox>
      <Identifier>2</Identifier>
    </CoverageSummary>
    <CoverageSummary>
      <ows:Title>Avoimuusindeksi merenpohjalla_3</ows:Title>
      <ows:Abstract></ows:Abstract>
      <ows:WGS84BoundingBox>
        <ows:LowerCorner>17.483058091685201 58.78220036767393</ows:LowerCorner>
        <ows:UpperCorner>27.956287922334681 65.841210879037476</ows:UpperCorner>
      </ows:WGS84BoundingBox>
      <Identifier>3</Identifier>
    </CoverageSummary>
    <SupportedCRS>urn:ogc:def:crs:EPSG::4326</SupportedCRS>
    <SupportedCRS>urn:ogc:def:crs:EPSG::3067</SupportedCRS>
    <SupportedFormat>image/GeoTIFF</SupportedFormat>
    <SupportedFormat>image/NITF</SupportedFormat>
    <SupportedFormat>image/JPEG</SupportedFormat>
    <SupportedFormat>image/PNG</SupportedFormat>
    <SupportedFormat>image/JPEG2000</SupportedFormat>
    <SupportedFormat>image/HDF</SupportedFormat>
  </Contents>
</Capabilities>
