<?xml version="1.0" encoding="UTF-8" standalone="no"?>
<n1:Level-2A_User_Product xmlns:n1="https://psd-14.sentinel2.eo.esa.int/PSD/User_Product_Level-2A.xsd" xmlns:xsi="http://www.w3.org/2001/XMLSchema-instance" xsi:schemaLocation="https://psd-14.sentinel2.eo.esa.int/PSD/User_Product_Level-2A.xsd">
    <n1:General_Info>
        <Product_Info>
            <PRODUCT_START_TIME>2018-08-18T09:40:31.024Z</PRODUCT_START_TIME>
            <PRODUCT_STOP_TIME>2018-08-18T09:40:31.024Z</PRODUCT_STOP_TIME>
            <PRODUCT_URI>S2A_MSIL2A_20180818T094031_N0208_R036_T34VFJ_20180818T120345.SAFE</PRODUCT_URI>
            <PROCESSING_LEVEL>Level-2A</PROCESSING_LEVEL>
            <PRODUCT_TYPE>S2MSI2A</PRODUCT_TYPE>
            <PROCESSING_BASELINE>02.08</PROCESSING_BASELINE>
            <GENERATION_TIME>2018-08-18T12:03:45.000000Z</GENERATION_TIME>
            <PREVIEW_IMAGE_URL>Not applicable</PREVIEW_IMAGE_URL>
            <PREVIEW_GEO_INFO>Not applicable</PREVIEW_GEO_INFO>
            <Datatake datatakeIdentifier="GS2A_20180818T094031_016478_N02.08">
      <SPACECRAFT_NAME>Sentinel-2A</SPACECRAFT_NAME>
      <DATATAKE_TYPE>INS-NOBS</DATATAKE_TYPE>
      <DATATAKE_SENSING_START>2018-08-18T09:40:31.024Z</DATATAKE_SENSING_START>
      <SENSING_ORBIT_NUMBER>36</SENSING_ORBIT_NUMBER>
      <SENSING_ORBIT_DIRECTION>DESCENDING</SENSING_ORBIT_DIRECTION>
    </Datatake>
<Query_Options completeSingleTile="true">
<PRODUCT_FORMAT>SAFE_COMPACT</PRODUCT_FORMAT>
</Query_Options>
<Product_Organisation>
                <Granule_List>
                    <Granule datastripIdentifier="S2A_OPER_MSI_L2A_DS_MTI__20180818T120345_S20180818T094030_N02.08" granuleIdentifier="S2A_OPER_MSI_L2A_TL_MTI__20180818T120345_A016478_T34VFJ_N02.08" imageFormat="JPEG2000">
                        <IMAGE_FILE>GRANULE/L2A_T34VFJ_A016478_20180818T094030/IMG_DATA/R10m/T34VFJ_20180818T094031_B02_10m</IMAGE_FILE>
                        <IMAGE_FILE>GRANULE/L2A_T34VFJ_A016478_20180818T094030/IMG_DATA/R10m/T34VFJ_20180818T094031_B03_10m</IMAGE_FILE>
                        <IMAGE_FILE>GRANULE/L2A_T34VFJ_A016478_20180818T094030/IMG_DATA/R10m/T34VFJ_20180818T094031_B04_10m</IMAGE_FILE>
                        <IMAGE_FILE>GRANULE/L2A_T34VFJ_A016478_20180818T094030/IMG_DATA/R10m/T34VFJ_20180818T094031_B08_10m</IMAGE_FILE>
                        <IMAGE_FILE>GRANULE/L2A_T34VFJ_A016478_20180818T094030/IMG_DATA/R10m/T34VFJ_20180818T094031_TCI_10m</IMAGE_FILE>
                        <IMAGE_FILE>GRANULE/L2A_T34VFJ_A016478_20180818T094030/IMG_DATA/R10m/T34VFJ_20180818T094031_AOT_10m</IMAGE_FILE>
                        <IMAGE_FILE>GRANULE/L2A_T34VFJ_A016478_20180818T094030/IMG_DATA/R10m/T34VFJ_20180818T094031_WVP_10m</IMAGE_FILE>
                        <IMAGE_FILE>GRANULE/L2A_T34VFJ_A016478_20180818T094030/IMG_DATA/R20m/T34VFJ_20180818T094031_B02_20m</IMAGE_FILE>
                        <IMAGE_FILE>GRANULE/L2A_T34VFJ_A016478_20180818T094030/IMG_DATA/R20m/T34VFJ_20180818T094031_B03_20m</IMAGE_FILE>
                        <IMAGE_FILE>GRANULE/L2A_T34VFJ_A016478_20180818T094030/IMG_DATA/R20m/T34VFJ_20180818T094031_B04_20m</IMAGE_FILE>
                        <IMAGE_FILE>GRANULE/L2A_T34VFJ_A016478_20180818T094030/IMG_DATA/R20m/T34VFJ_20180818T094031_B05_20m</IMAGE_FILE>
                        <IMAGE_FILE>GRANULE/L2A_T34VFJ_A016478_20180818T094030/IMG_DATA/R20m/T34VFJ_20180818T094031_B06_20m</IMAGE_FILE>
                        <IMAGE_FILE>GRANULE/L2A_T34VFJ_A016478_20180818T094030/IMG_DATA/R20m/T34VFJ_20180818T094031_B07_20m</IMAGE_FILE>
                        <IMAGE_FILE>GRANULE/L2A_T34VFJ_A016478_20180818T094030/IMG_DATA/R20m/T34VFJ_20180818T094031_B8A_20m</IMAGE_FILE>
                        <IMAGE_FILE>GRANULE/L2A_T34VFJ_A016478_20180818T094030/IMG_DATA/R20m/T34VFJ_20180818T094031_B11_20m</IMAGE_FILE>
                        <IMAGE_FILE>GRANULE/L2A_T34VFJ_A016478_20180818T094030/IMG_DATA/R20m/T34VFJ_20180818T094031_B12_20m</IMAGE_FILE>
                        <IMAGE_FILE>GRANULE/L2A_T34VFJ_A016478_20180818T094030/IMG_DATA/R20m/T34VFJ_20180818T094031_TCI_20m</IMAGE_FILE>
                        <IMAGE_FILE>GRANULE/L2A_T34VFJ_A016478_20180818T094030/IMG_DATA/R20m/T34VFJ_20180818T094031_AOT_20m</IMAGE_FILE>
                        <IMAGE_FILE>GRANULE/L2A_T34VFJ_A016478_20180818T094030/IMG_DATA/R20m/T34VFJ_20180818T094031_WVP_20m</IMAGE_FILE>
                        <IMAGE_FILE>GRANULE/L2A_T34VFJ_A016478_20180818T094030/IMG_DATA/R20m/T34VFJ_20180818T094031_SCL_20m</IMAGE_FILE>
                        <IMAGE_FILE>GRANULE/L2A_T34VFJ_A016478_20180818T094030/IMG_DATA/R60m/T34VFJ_20180818T094031_B01_60m</IMAGE_FILE>
                        <IMAGE_FILE>GRANULE/L2A_T34VFJ_A016478_20180818T094030/IMG_DATA/R60m/T34VFJ_20180818T094031_B02_60m</IMAGE_FILE>
                        <IMAGE_FILE>GRANULE/L2A_T34VFJ_A016478_20180818T094030/IMG_DATA/R60m/T34VFJ_20180818T094031_B03_60m</IMAGE_FILE>
                        <IMAGE_FILE>GRANULE/L2A_T34VFJ_A016478_20180818T094030/IMG_DATA/R60m/T34VFJ_20180818T094031_B04_60m</IMAGE_FILE>
                        <IMAGE_FILE>GRANULE/L2A_T34VFJ_A016478_20180818T094030/IMG_DATA/R60m/T34VFJ_20180818T094031_B05_60m</IMAGE_FILE>
                        <IMAGE_FILE>GRANULE/L2A_T34VFJ_A016478_20180818T094030/IMG_DATA/R60m/T34VFJ_20180818T094031_B06_60m</IMAGE_FILE>
                        <IMAGE_FILE>GRANULE/L2A_T34VFJ_A016478_20180818T094030/IMG_DATA/R60m/T34VFJ_20180818T094031_B07_60m</IMAGE_FILE>
                        <IMAGE_FILE>GRANULE/L2A_T34VFJ_A016478_20180818T094030/IMG_DATA/R60m/T34VFJ_20180818T094031_B8A_60m</IMAGE_FILE>
                        <IMAGE_FILE>GRANULE/L2A_T34VFJ_A016478_20180818T094030/IMG_DATA/R60m/T34VFJ_20180818T094031_B09_60m</IMAGE_FILE>
                        <IMAGE_FILE>GRANULE/L2A_T34VFJ_A016478_20180818T094030/IMG_DATA/R60m/T34VFJ_20180818T094031_B11_60m</IMAGE_FILE>
                        <IMAGE_FILE>GRANULE/L2A_T34VFJ_A016478_20180818T094030/IMG_DATA/R60m/T34VFJ_20180818T094031_B12_60m</IMAGE_FILE>
                        <IMAGE_FILE>GRANULE/L2A_T34VFJ_A016478_20180818T094030/IMG_DATA/R60m/T34VFJ_20180818T094031_TCI_60m</IMAGE_FILE>
                        <IMAGE_FILE>GRANULE/L2A_T34VFJ_A016478_20180818T094030/IMG_DATA/R60m/T34VFJ_20180818T094031_AOT_60m</IMAGE_FILE>
                        <IMAGE_FILE>GRANULE/L2A_T34VFJ_A016478_20180818T094030/IMG_DATA/R60m/T34VFJ_20180818T094031_WVP_60m</IMAGE_FILE>
                        <IMAGE_FILE>GRANULE/L2A_T34VFJ_A016478_20180818T094030/IMG_DATA/R60m/T34VFJ_20180818T094031_SCL_60m</IMAGE_FILE>
                    </Granule>
                </Granule_List>
</Product_Organisation>
        </Product_Info>
        <Product_Image_Characteristics>
            <Special_Values>
                <SPECIAL_VALUE_TEXT>NODATA</SPECIAL_VALUE_TEXT>
                <SPECIAL_VALUE_INDEX>0</SPECIAL_VALUE_INDEX>
            </Special_Values>
            <Special_Values>
                <SPECIAL_VALUE_TEXT>SATURATED</SPECIAL_VALUE_TEXT>
                <SPECIAL_VALUE_INDEX>6</SPECIAL_VALUE_INDEX>
            </Special_Values>
            <Image_Display_Order>
                <RED_CHANNEL>3</RED_CHANNEL>
                <GREEN_CHANNEL>2</GREEN_CHANNEL>
                <BLUE_CHANNEL>1</BLUE_CHANNEL>
            </Image_Display_Order>
            <QUANTIFICATION_VALUES_LIST>
                <BOA_QUANTIFICATION_VALUE unit="none">10000</BOA_QUANTIFICATION_VALUE>
                <AOT_QUANTIFICATION_VALUE unit="none">1000.0</AOT_QUANTIFICATION_VALUE>
                <WVP_QUANTIFICATION_VALUE unit="cm">1000.0</WVP_QUANTIFICATION_VALUE>
            </QUANTIFICATION_VALUES_LIST>
            <Reflectance_Conversion>
        <U>0.97</U>
        <Solar_Irradiance_List>
          <SOLAR_IRRADIANCE bandId="0" unit="W/m²/µm">1884.69</SOLAR_IRRADIANCE>
          <SOLAR_IRRADIANCE bandId="1" unit="W/m²/µm">1959.72</SOLAR_IRRADIANCE>
          <SOLAR_IRRADIANCE bandId="2" unit="W/m²/µm">1823.24</SOLAR_IRRADIANCE>
          <SOLAR_IRRADIANCE bandId="3" unit="W/m²/µm">1512.06</SOLAR_IRRADIANCE>
          <SOLAR_IRRADIANCE bandId="4" unit="W/m²/µm">1424.64</SOLAR_IRRADIANCE>
          <SOLAR_IRRADIANCE bandId="5" unit="W/m²/µm">1287.61</SOLAR_IRRADIANCE>
          <SOLAR_IRRADIANCE bandId="6" unit="W/m²/µm">1162.08</SOLAR_IRRADIANCE>
          <SOLAR_IRRADIANCE bandId="7" unit="W/m²/µm">1041.63</SOLAR_IRRADIANCE>
          <SOLAR_IRRADIANCE bandId="8" unit="W/m²/µm">955.32</SOLAR_IRRADIANCE>
          <SOLAR_IRRADIANCE bandId="9" unit="W/m²/µm">812.92</SOLAR_IRRADIANCE>
          <SOLAR_IRRADIANCE bandId="10" unit="W/m²/µm">367.15</SOLAR_IRRADIANCE>
          <SOLAR_IRRADIANCE bandId="11" unit="W/m²/µm">245.59</SOLAR_IRRADIANCE>
          <SOLAR_IRRADIANCE bandId="12" unit="W/m²/µm">85.25</SOLAR_IRRADIANCE>
        </Solar_Irradiance_List>
      </Reflectance_Conversion>
            
            <Scene_Classification_List>
                <Scene_Classification_ID>
                    <SCENE_CLASSIFICATION_TEXT>SC_NODATA</SCENE_CLASSIFICATION_TEXT>
                    <SCENE_CLASSIFICATION_INDEX>0</SCENE_CLASSIFICATION_INDEX>
                </Scene_Classification_ID>
                <Scene_Classification_ID>
                    <SCENE_CLASSIFICATION_TEXT>SC_SATURATED_DEFECTIVE</SCENE_CLASSIFICATION_TEXT>
                    <SCENE_CLASSIFICATION_INDEX>1</SCENE_CLASSIFICATION_INDEX>
                </Scene_Classification_ID>
                <Scene_Classification_ID>
                    <SCENE_CLASSIFICATION_TEXT>SC_DARK_FEATURE_SHADOW</SCENE_CLASSIFICATION_TEXT>
                    <SCENE_CLASSIFICATION_INDEX>2</SCENE_CLASSIFICATION_INDEX>
                </Scene_Classification_ID>
                <Scene_Classification_ID>
                    <SCENE_CLASSIFICATION_TEXT>SC_CLOUD_SHADOW</SCENE_CLASSIFICATION_TEXT>
                    <SCENE_CLASSIFICATION_INDEX>3</SCENE_CLASSIFICATION_INDEX>
                </Scene_Classification_ID>
                <Scene_Classification_ID>
                    <SCENE_CLASSIFICATION_TEXT>SC_VEGETATION</SCENE_CLASSIFICATION_TEXT>
                    <SCENE_CLASSIFICATION_INDEX>4</SCENE_CLASSIFICATION_INDEX>
                </Scene_Classification_ID>
                <Scene_Classification_ID>
                    <SCENE_CLASSIFICATION_TEXT>SC_NOT_VEGETATED</SCENE_CLASSIFICATION_TEXT>
                    <SCENE_CLASSIFICATION_INDEX>5</SCENE_CLASSIFICATION_INDEX>
                </Scene_Classification_ID>
                <Scene_Classification_ID>
                    <SCENE_CLASSIFICATION_TEXT>SC_WATER</SCENE_CLASSIFICATION_TEXT>
                    <SCENE_CLASSIFICATION_INDEX>6</SCENE_CLASSIFICATION_INDEX>
                </Scene_Classification_ID>
                <Scene_Classification_ID>
                    <SCENE_CLASSIFICATION_TEXT>SC_UNCLASSIFIED</SCENE_CLASSIFICATION_TEXT>
                    <SCENE_CLASSIFICATION_INDEX>7</SCENE_CLASSIFICATION_INDEX>
                </Scene_Classification_ID>
                <Scene_Classification_ID>
                    <SCENE_CLASSIFICATION_TEXT>SC_CLOUD_MEDIUM_PROBA</SCENE_CLASSIFICATION_TEXT>
                    <SCENE_CLASSIFICATION_INDEX>8</SCENE_CLASSIFICATION_INDEX>
                </Scene_Classification_ID>
                <Scene_Classification_ID>
                    <SCENE_CLASSIFICATION_TEXT>SC_CLOUD_HIGH_PROBA</SCENE_CLASSIFICATION_TEXT>
                    <SCENE_CLASSIFICATION_INDEX>9</SCENE_CLASSIFICATION_INDEX>
                </Scene_Classification_ID>
                <Scene_Classification_ID>
                    <SCENE_CLASSIFICATION_TEXT>SC_THIN_CIRRUS</SCENE_CLASSIFICATION_TEXT>
                    <SCENE_CLASSIFICATION_INDEX>10</SCENE_CLASSIFICATION_INDEX>
                </Scene_Classification_ID>
                <Scene_Classification_ID>
                    <SCENE_CLASSIFICATION_TEXT>SC_SNOW_ICE</SCENE_CLASSIFICATION_TEXT>
                    <SCENE_CLASSIFICATION_INDEX>11</SCENE_CLASSIFICATION_INDEX>
                </Scene_Classification_ID>
            </Scene_Classification_List>
        </Product_Image_Characteristics>
    </n1:General_Info>
    <n1:Geometric_Info>
        <Product_Footprint>
            <Product_Footprint>
                <Global_Footprint>
                    <EXT_POS_LIST>57.7 22.6 57.6 24.5 56.7 24.4 56.7 22.6 57.7 22.6 </EXT_POS_LIST>
                </Global_Footprint>
            </Product_Footprint>
            <RASTER_CS_TYPE>POINT</RASTER_CS_TYPE>
            <PIXEL_ORIGIN>1</PIXEL_ORIGIN>
        </Product_Footprint>
        <Coordinate_Reference_System>
            <GEO_TABLES version="1">EPSG</GEO_TABLES>
            <HORIZONTAL_CS_TYPE>GEOGRAPHIC</HORIZONTAL_CS_TYPE>
        </Coordinate_Reference_System>
    </n1:Geometric_Info>

    <n1:Quality_Indicators_Info>
        <Cloud_Coverage_Assessment>54.4</Cloud_Coverage_Assessment>
        <Technical_Quality_Assessment>
            <DEGRADED_ANC_DATA_PERCENTAGE>0.0</DEGRADED_ANC_DATA_PERCENTAGE>
            <DEGRADED_MSI_DATA_PERCENTAGE>0</DEGRADED_MSI_DATA_PERCENTAGE>
        </Technical_Quality_Assessment>
        <Quality_Control_Checks>
            <Quality_Inspections>
                <quality_check checkType="FORMAT_CORRECTNESS">PASSED</quality_check>
                <quality_check checkType="GENERAL_QUALITY">PASSED</quality_check>
                <quality_check checkType="GEOMETRIC_QUALITY">PASSED</quality_check>
                <quality_check checkType="RADIOMETRIC_QUALITY">PASSED</quality_check>
                <quality_check checkType="SENSOR_QUALITY">PASSED</quality_check>
            </Quality_Inspections>
            <Failed_Inspections/>
        </Quality_Control_Checks>
        <Image_Content_QI>
            <NODATA_PIXEL_PERCENTAGE>0.0</NODATA_PIXEL_PERCENTAGE>
            <SATURATED_DEFECTIVE_PIXEL_PERCENTAGE>0.0</SATURATED_DEFECTIVE_PIXEL_PERCENTAGE>
            <DARK_FEATURES_PERCENTAGE>1.5</DARK_FEATURES_PERCENTAGE>
            <CLOUD_SHADOW_PERCENTAGE>1.5</CLOUD_SHADOW_PERCENTAGE>
            <VEGETATION_PERCENTAGE>14.0</VEGETATION_PERCENTAGE>
            <NOT_VEGETATED_PERCENTAGE>3.5</NOT_VEGETATED_PERCENTAGE>
            <WATER_PERCENTAGE>18.7</WATER_PERCENTAGE>
            <UNCLASSIFIED_PERCENTAGE>5.7</UNCLASSIFIED_PERCENTAGE>
            <MEDIUM_PROBA_CLOUDS_PERCENTAGE>24.1</MEDIUM_PROBA_CLOUDS_PERCENTAGE>
            <HIGH_PROBA_CLOUDS_PERCENTAGE>15.3</HIGH_PROBA_CLOUDS_PERCENTAGE>
            <THIN_CIRRUS_PERCENTAGE>14.9</THIN_CIRRUS_PERCENTAGE>
            <SNOW_ICE_PERCENTAGE>0.4</SNOW_ICE_PERCENTAGE>
            <RADIATIVE_TRANSFER_ACCURACY>0.0</RADIATIVE_TRANSFER_ACCURACY>
            <WATER_VAPOUR_RETRIEVAL_ACCURACY>0.0</WATER_VAPOUR_RETRIEVAL_ACCURACY>
            <AOT_RETRIEVAL_ACCURACY>0.0</AOT_RETRIEVAL_ACCURACY>
        </Image_Content_QI>
    </n1:Quality_Indicators_Info>
</n1:Level-2A_User_Product>
