[
    {
        "filename": "adams_hemi.png",
        "latmax": 90,
        "latmin": -90,
        "lonmax": 180,
        "lonmin": -180,
        "name": "adams_hemi",
        "projstring": "+proj=adams_hemi",
        "res": "low",
        "type": "poly"

    },
    {
        "filename": "adams_ws1.png",
        "latmax": 90,
        "latmin": -90,
        "lonmax": 180,
        "lonmin": -180,
        "name": "adams_ws1",
        "projstring": "+proj=adams_ws1",
        "res": "low",
        "type": "poly"

    },
    {
        "filename": "adams_ws2.png",
        "latmax": 90,
        "latmin": -90,
        "lonmax": 180,
        "lonmin": -180,
        "name": "adams_ws2",
        "projstring": "+proj=adams_ws2",
        "res": "low",
        "type": "poly"

    },
    {
        "filename": "aea.png",
        "latmax": 90,
        "latmin": -90,
        "lonmax": 180,
        "lonmin": -180,
        "name": "aea",
        "#comment": "lat_1 and lat_2 values are previous defaults from now-removed proj_def.dat",
        "projstring": "+proj=aea +lat_1=29.5 +lat_2=42.5",
        "res": "low",
        "type": "poly"
    },
    {
        "filename": "aeqd.png",
        "latmax": 90,
        "latmin": -90,
        "lonmax": 180,
        "lonmin": -180,
        "name": "aeqd",
        "projstring": "+proj=aeqd",
        "res": "low",
        "type": "poly"
    },
    {
        "filename": "airy.png",
        "latmax": 90,
        "latmin": -90,
        "lonmax": 90,
        "lonmin": -90,
        "name": "airy",
        "projstring": "+proj=airy",
        "res": "low",
        "type": "poly"
    },
    {
        "filename": "aitoff.png",
        "latmax": 90,
        "latmin": -90,
        "lonmax": 180,
        "lonmin": -180,
        "name": "aitoff",
        "projstring": "+proj=aitoff",
        "res": "low",
        "type": "poly"
    },
    {
        "filename": "alsk.png",
        "latmax": 75,
        "latmin": 50,
        "lonmax": -130,
        "lonmin": -175,
        "name": "alsk",
        "projstring": "+proj=alsk",
        "res": "med",
        "type": "poly"
    },
    {
        "filename": "apian.png",
        "latmax": 90,
        "latmin": -90,
        "lonmax": 180,
        "lonmin": -180,
        "name": "apian",
        "projstring": "+proj=apian",
        "res": "low",
        "type": "poly"
    },
    {
        "filename": "august.png",
        "latmax": 90,
        "latmin": -90,
        "lonmax": 180,
        "lonmin": -180,
        "name": "august",
        "projstring": "+proj=august",
        "res": "low",
        "type": "poly"
    },
    {
        "filename": "bacon.png",
        "latmax": 90,
        "latmin": -90,
        "lonmax": 180,
        "lonmin": -180,
        "name": "bacon",
        "projstring": "+proj=bacon",
        "res": "low",
        "type": "poly"
    },
    {
        "filename": "bertin1953.png",
        "latmax": 90,
        "latmin": -90,
        "latmin": -60,
        "lonmax": 180,
        "lonmin": -180,
        "name": "bertin1953",
        "projstring": "+proj=bertin1953",
        "res": "low",
        "type": "poly"
    },
    {
        "filename": "bipc.png",
        "latmax": 90,
        "latmin": -90,
        "lonmax": 180,
        "lonmin": -180,
        "name": "bipc",
        "projstring": "+proj=bipc +ns",
        "res": "low",
        "type": "line"
    },
    {
        "filename": "boggs.png",
        "latmax": 90,
        "latmin": -90,
        "lonmax": 180,
        "lonmin": -180,
        "name": "boggs",
        "projstring": "+proj=boggs",
        "res": "low",
        "type": "poly"
    },
    {
        "filename": "bonne.png",
        "latmax": 90,
        "latmin": -90,
        "lonmax": 180,
        "lonmin": -180,
        "name": "bonne",
        "projstring": "+proj=bonne +lat_1=10",
        "res": "low",
        "type": "poly"
    },
    {
        "filename": "cass.png",
        "latmax": 90,
        "latmin": -90,
        "lonmax": 180,
        "lonmin": -180,
        "name": "cass",
        "projstring": "+proj=cass",
        "res": "low",
        "type": "poly"
    },
    {
        "filename": "cc.png",
        "latmax": 75,
        "latmin": -75,
        "lonmax": 180,
        "lonmin": -180,
        "name": "cc",
        "projstring": "+proj=cc",
        "res": "low",
        "type": "poly"
    },
    {
        "filename": "ccon.png",
        "latmax": 70,
        "latmin": 34,
        "lonmax": -30,
        "lonmin": 68,
        "name": "ccon",
        "projstring": "+proj=ccon +lat_1=52 +lon_0=19",
        "res": "med",
        "type": "poly"
    },
    {
        "filename": "cea.png",
        "latmax": 90,
        "latmin": -90,
        "lonmax": 180,
        "lonmin": -180,
        "name": "cea",
        "projstring": "+proj=cea",
        "res": "low",
        "type": "poly"
    },
    {
        "filename": "chamb.png",
        "latmax": 90,
        "latmin": -90,
        "lonmax": 180,
        "lonmin": -180,
        "name": "chamb",
        "projstring": "+proj=chamb +lat_1=10 +lon_1=30 +lon_2=40",
        "res": "low",
        "type": "poly"
    },
    {
        "filename": "collg.png",
        "latmax": 90,
        "latmin": -90,
        "lonmax": 180,
        "lonmin": -180,
        "name": "collg",
        "projstring": "+proj=collg",
        "res": "low",
        "type": "poly"
    },
    {
        "filename": "comill.png",
        "latmax": 90,
        "latmin": -90,
        "lonmax": 180,
        "lonmin": -180,
        "name": "comill",
        "projstring": "+proj=comill",
        "res": "low",
        "type": "poly"
    },
    {
        "filename": "crast.png",
        "latmax": 90,
        "latmin": -90,
        "lonmax": 180,
        "lonmin": -180,
        "name": "crast",
        "projstring": "+proj=crast",
        "res": "low",
        "type": "poly"
    },
    {
        "filename": "denoy.png",
        "latmax": 90,
        "latmin": -90,
        "lonmax": 180,
        "lonmin": -180,
        "name": "denoy",
        "projstring": "+proj=denoy",
        "res": "low",
        "type": "poly"
    },
    {
        "filename": "eck1.png",
        "latmax": 90,
        "latmin": -90,
        "lonmax": 180,
        "lonmin": -180,
        "name": "eck1",
        "projstring": "+proj=eck1",
        "res": "low",
        "type": "poly"
    },
    {
        "filename": "eck2.png",
        "latmax": 90,
        "latmin": -90,
        "lonmax": 180,
        "lonmin": -180,
        "name": "eck2",
        "projstring": "+proj=eck2",
        "res": "low",
        "type": "poly"
    },
    {
        "filename": "eck3.png",
        "latmax": 90,
        "latmin": -90,
        "lonmax": 180,
        "lonmin": -180,
        "name": "eck3",
        "projstring": "+proj=eck3",
        "res": "low",
        "type": "poly"
    },
    {
        "filename": "eck4.png",
        "latmax": 90,
        "latmin": -90,
        "lonmax": 180,
        "lonmin": -180,
        "name": "eck4",
        "projstring": "+proj=eck4",
        "res": "low",
        "type": "poly"
    },
    {
        "filename": "eck5.png",
        "latmax": 90,
        "latmin": -90,
        "lonmax": 180,
        "lonmin": -180,
        "name": "eck5",
        "projstring": "+proj=eck5",
        "res": "low",
        "type": "poly"
    },
    {
        "filename": "eck6.png",
        "latmax": 90,
        "latmin": -90,
        "lonmax": 180,
        "lonmin": -180,
        "name": "eck6",
        "projstring": "+proj=eck6",
        "res": "low",
        "type": "poly"
    },
    {
        "filename": "eqc.png",
        "latmax": 90,
        "latmin": -90,
        "lonmax": 180,
        "lonmin": -180,
        "name": "eqc",
        "projstring": "+proj=eqc",
        "res": "low",
        "type": "poly"
    },
    {
        "filename": "eqdc.png",
        "latmax": 90,
        "latmin": -90,
        "lonmax": 180,
        "lonmin": -180,
        "name": "eqdc",
        "projstring": "+proj=eqdc +lat_1=55 +lat_2=60",
        "res": "low",
        "type": "poly"
    },
    {
        "filename": "eqearth.png",
        "latmax": 90,
        "latmin": -90,
        "lonmax": 180,
        "lonmin": -180,
        "name": "eqearth",
        "projstring": "+proj=eqearth",
        "res": "low",
        "type": "poly"
    },
    {
        "filename": "euler.png",
        "latmax": 90,
        "latmin": -90,
        "lonmax": 180,
        "lonmin": -180,
        "name": "euler",
        "projstring": "+proj=euler +lat_1=67 +lat_2=75",
        "res": "low",
        "type": "poly"
    },
    {
        "filename": "etmerc.png",
        "latmax": 90,
        "latmin": -90,
        "lonmax": 180,
        "lonmin": -180,
        "name": "etmerc",
        "projstring": "+proj=etmerc +lon_0=-40",
        "res": "low",
        "type": "line"
    },
    {
        "filename": "fahey.png",
        "latmax": 90,
        "latmin": -90,
        "lonmax": 180,
        "lonmin": -180,
        "name": "fahey",
        "projstring": "+proj=fahey",
        "res": "low",
        "type": "poly"
    },
    {
        "filename": "fouc.png",
        "latmax": 90,
        "latmin": -90,
        "lonmax": 180,
        "lonmin": -180,
        "name": "fouc",
        "projstring": "+proj=fouc",
        "res": "low",
        "type": "poly"
    },
    {
        "filename": "fouc_s.png",
        "latmax": 90,
        "latmin": -90,
        "lonmax": 180,
        "lonmin": -180,
        "name": "fouc_s",
        "projstring": "+proj=fouc_s",
        "res": "low",
        "type": "poly"
    },
    {
        "filename": "gall.png",
        "latmax": 90,
        "latmin": -90,
        "lonmax": 180,
        "lonmin": -180,
        "name": "gall",
        "projstring": "+proj=gall",
        "res": "low",
        "type": "poly"
    },
    {
        "filename": "geos.png",
        "latmax": 90,
        "latmin": -90,
        "lonmax": 15,
        "lonmin": -135,
        "name": "geos",
        "projstring": "+proj=geos +h=35785831.0 +lon_0=-60 +sweep=y",
        "res": "low",
        "type": "poly"
    },
    {
        "filename": "gins8.png",
        "latmax": 90,
        "latmin": -90,
        "lonmax": 180,
        "lonmin": -180,
        "name": "gins8",
        "projstring": "+proj=gins8",
        "res": "low",
        "type": "poly"
    },
    {
        "filename": "gn_sinu.png",
        "latmax": 90,
        "latmin": -90,
        "lonmax": 180,
        "lonmin": -180,
        "name": "gn_sinu",
        "projstring": "+proj=gn_sinu +m=2 +n=3",
        "res": "low",
        "type": "poly"
    },
    {
        "filename": "gnom.png",
        "latmax": 90,
        "latmin": 50,
        "lonmax": 180,
        "lonmin": -180,
        "name": "gnom",
        "projstring": "+proj=gnom +lat_0=90 +lon_0=-50",
        "res": "low",
        "type": "poly"
    },
    {
        "filename": "goode.png",
        "latmax": 90,
        "latmin": -90,
        "lonmax": 180,
        "lonmin": -180,
        "name": "goode",
        "projstring": "+proj=goode",
        "res": "low",
        "type": "poly"
    },
    {
        "filename": "gs48.png",
        "latmax": 45,
        "latmin": 25,
        "lonmax": -70,
        "lonmin": -125,
        "name": "gs48",
        "projstring": "+proj=gs48",
        "res": "med",
        "type": "poly"
    },
    {
        "filename": "gs50.png",
        "latmax": 75,
        "latmin": 15,
        "lonmax": -55,
        "lonmin": -170,
        "name": "gs50",
        "projstring": "+proj=gs50",
        "res": "med",
        "type": "poly"
    },
    {
        "filename": "guyou.png",
        "latmax": 90,
        "latmin": -90,
        "lonmax": 180,
        "lonmin": -180,
        "name": "guyou",
        "projstring": "+proj=guyou",
        "res": "low",
        "type": "poly"
    },
    {
        "filename": "hammer.png",
        "latmax": 90,
        "latmin": -90,
        "lonmax": 180,
        "lonmin": -180,
        "name": "hammer",
        "projstring": "+proj=hammer",
        "res": "low",
        "type": "poly"
    },
    {
        "filename": "hatano.png",
        "latmax": 90,
        "latmin": -90,
        "lonmax": 180,
        "lonmin": -180,
        "name": "hatano",
        "projstring": "+proj=hatano",
        "res": "low",
        "type": "poly"
    },
    {
        "filename": "igh.png",
        "latmax": 90,
        "latmin": -90,
        "lonmax": 180,
        "lonmin": -180,
        "name": "igh",
        "projstring": "+proj=igh",
        "res": "low",
        "type": "line"
    },
    {
        "filename": "igh_o.png",
        "latmax": 90,
        "latmin": -90,
        "lonmax": 180,
        "lonmin": -180,
        "name": "igh_o",
        "projstring": "+proj=igh_o +lon_0=-160",
        "res": "low",
        "type": "line"
    },
    {
        "filename": "imw_p.png",
        "latmax": 90,
        "latmin": -90,
        "lonmax": 180,
        "lonmin": -180,
        "name": "imw_p",
        "projstring": "+proj=imw_p +lat_1=30 +lat_2=-40",
        "res": "low",
        "type": "line"
    },
    {
        "filename": "isea.png",
        "latmax": 90,
        "latmin": -90,
        "lonmax": 180,
        "lonmin": -180,
        "name": "isea",
        "projstring": "+proj=isea",
        "res": "low",
        "type": "line"
    },
    {
        "filename": "kav5.png",
        "latmax": 90,
        "latmin": -90,
        "lonmax": 180,
        "lonmin": -180,
        "name": "kav5",
        "projstring": "+proj=kav5",
        "res": "low",
        "type": "poly"
    },
    {
        "filename": "kav7.png",
        "latmax": 90,
        "latmin": -90,
        "lonmax": 180,
        "lonmin": -180,
        "name": "kav7",
        "projstring": "+proj=kav7",
        "res": "low",
        "type": "poly"
    },
    {
        "filename": "krovak.png",
        "latmax": 58,
        "latmin": 42,
        "lonmax": 25,
        "lonmin": 5,
        "name": "krovak",
        "projstring": "+proj=krovak",
        "res": "med",
        "type": "poly"
    },
    {
        "filename": "labrd.png",
        "latmax": 0,
        "latmin": -35,
        "lonmax": 55,
        "lonmin": 30,
        "name": "labrd",
        "projstring": "+proj=labrd +lon_0=40 +lat_0=-10",
        "res": "med",
        "type": "poly"
    },
    {
        "filename": "laea.png",
        "latmax": 90,
        "latmin": -90,
        "lonmax": 180,
        "lonmin": -180,
        "name": "laea",
        "projstring": "+proj=laea",
        "res": "low",
        "type": "poly"
    },
    {
        "filename": "lagrng.png",
        "latmax": 90,
        "latmin": -90,
        "lonmax": 180,
        "lonmin": -180,
        "name": "lagrng",
        "projstring": "+proj=lagrng",
        "res": "low",
        "type": "poly"
    },
    {
        "filename": "larr.png",
        "latmax": 90,
        "latmin": -90,
        "lonmax": 180,
        "lonmin": -180,
        "name": "larr",
        "projstring": "+proj=larr",
        "res": "low",
        "type": "poly"
    },
    {
        "filename": "lask.png",
        "latmax": 90,
        "latmin": -90,
        "lonmax": 180,
        "lonmin": -180,
        "name": "lask",
        "projstring": "+proj=lask",
        "res": "low",
        "type": "poly"
    },
    {
        "filename": "lcc.png",
        "latmax": 90,
        "latmin": 10,
        "lonmax": -10,
        "lonmin": -160,
        "name": "lcc",
        "#comment": "lat_1 and lat_2 values are previous defaults from now-removed proj_def.dat",
        "projstring": "+proj=lcc +lon_0=-90 +lat_1=33 +lat_2=45",
        "res": "med",
        "type": "poly"
    },
    {
        "filename": "lcca.png",
        "latmax": 90,
        "latmin": -90,
        "lonmax": 180,
        "lonmin": -180,
        "name": "lcca",
        "projstring": "+proj=lcca +lat_0=35",
        "res": "low",
        "type": "poly"
    },
    {
        "filename": "leac.png",
        "latmax": 90,
        "latmin": -90,
        "lonmax": 180,
        "lonmin": -180,
        "name": "leac",
        "projstring": "+proj=leac",
        "res": "low",
        "type": "poly"
    },
    {
        "filename": "lee_os.png",
        "latmax": 85,
        "latmin": -85,
        "lonmax": -80,
        "lonmin": -180,
        "name": "lee_os",
        "projstring": "+proj=lee_os",
        "res": "med",
        "type": "poly"
    },
    {
        "filename": "loxim.png",
        "latmax": 90,
        "latmin": -90,
        "lonmax": 180,
        "lonmin": -180,
        "name": "loxim",
        "projstring": "+proj=loxim",
        "res": "low",
        "type": "poly"
    },
    {
        "filename": "lsat.png",
        "latmax": 90,
        "latmin": -90,
        "lonmax": 180,
        "lonmin": -180,
        "name": "lsat",
        "projstring": "+proj=lsat +ellps=GRS80 +lat_1=-60 +lat_2=60 +lsat=2 +path=2",
        "res": "low",
        "type": "line"
    },
    {
        "filename": "mbt_s.png",
        "latmax": 90,
        "latmin": -90,
        "lonmax": 180,
        "lonmin": -180,
        "name": "mbt_s",
        "projstring": "+proj=mbt_s",
        "res": "low",
        "type": "poly"
    },
    {
        "filename": "mbt_fps.png",
        "latmax": 90,
        "latmin": -90,
        "lonmax": 180,
        "lonmin": -180,
        "name": "mbt_fps",
        "projstring": "+proj=mbt_fps",
        "res": "low",
        "type": "poly"
    },
    {
        "filename": "mbtfpp.png",
        "latmax": 90,
        "latmin": -90,
        "lonmax": 180,
        "lonmin": -180,
        "name": "mbtfpp",
        "projstring": "+proj=mbtfpp",
        "res": "low",
        "type": "poly"
    },
    {
        "filename": "mbtfpq.png",
        "latmax": 90,
        "latmin": -90,
        "lonmax": 180,
        "lonmin": -180,
        "name": "mbtfpq",
        "projstring": "+proj=mbtfpq",
        "res": "low",
        "type": "poly"
    },
    {
        "filename": "mbtfps.png",
        "latmax": 90,
        "latmin": -90,
        "lonmax": 180,
        "lonmin": -180,
        "name": "mbtfps",
        "projstring": "+proj=mbtfps",
        "res": "low",
        "type": "poly"
    },
    {
        "filename": "merc.png",
        "latmax": 85,
        "latmin": -85,
        "lonmax": 180,
        "lonmin": -180,
        "name": "merc",
        "projstring": "+proj=merc",
        "res": "low",
        "type": "poly"
    },
    {
        "filename": "mil_os.png",
        "latmax": 80,
        "latmin": -40,
        "lonmax": 80,
        "lonmin": -40,
        "name": "mil_os",
        "projstring": "+proj=mil_os",
        "res": "low",
        "type": "poly"
    },
    {
        "filename": "mill.png",
        "latmax": 90,
        "latmin": -90,
        "lonmax": 180,
        "lonmin": -180,
        "name": "mill",
        "projstring": "+proj=mill",
        "res": "low",
        "type": "poly"
    },
    {
        "filename": "misrsom.png",
        "latmax": 90,
        "latmin": -90,
        "lonmax": 180,
        "lonmin": -180,
        "name": "misrsom",
        "projstring": "+proj=misrsom +path=1",
        "res": "low",
        "type": "line"
    },
    {
        "filename": "moll.png",
        "latmax": 90,
        "latmin": -90,
        "lonmax": 180,
        "lonmin": -180,
        "name": "moll",
        "projstring": "+proj=moll",
        "res": "low",
        "type": "poly"
    },
    {
        "filename": "murd1.png",
        "latmax": 85,
        "latmin": -40,
        "lonmax": 180,
        "lonmin": -180,
        "name": "murd1",
        "projstring": "+proj=murd1 +lat_1=30 +lat_2=50",
        "res": "low",
        "type": "poly"
    },
    {
        "filename": "murd2.png",
        "latmax": 85,
        "latmin": -40,
        "lonmax": 180,
        "lonmin": -180,
        "name": "murd2",
        "projstring": "+proj=murd2 +lat_1=30 +lat_2=50",
        "res": "low",
        "type": "poly"
    },
    {
        "filename": "murd3.png",
        "latmax": 85,
        "latmin": -40,
        "lonmax": 180,
        "lonmin": -180,
        "name": "murd3",
        "projstring": "+proj=murd3 +lat_1=30 +lat_2=50",
        "res": "low",
        "type": "poly"
    },
    {
        "filename": "natearth.png",
        "latmax": 90,
        "latmin": -90,
        "lonmax": 180,
        "lonmin": -180,
        "name": "natearth",
        "projstring": "+proj=natearth",
        "res": "low",
        "type": "poly"
    },
    {
        "filename": "natearth2.png",
        "latmax": 90,
        "latmin": -90,
        "lonmax": 180,
        "lonmin": -180,
        "name": "natearth2",
        "projstring": "+proj=natearth2",
        "res": "low",
        "type": "poly"
    },
    {
        "filename": "nell.png",
        "latmax": 90,
        "latmin": -90,
        "lonmax": 180,
        "lonmin": -180,
        "name": "nell",
        "projstring": "+proj=nell",
        "res": "low",
        "type": "poly"
    },
    {
        "filename": "nell_h.png",
        "latmax": 90,
        "latmin": -90,
        "lonmax": 180,
        "lonmin": -180,
        "name": "nell_h",
        "projstring": "+proj=nell_h",
        "res": "low",
        "type": "poly"
    },
    {
        "filename": "nicol.png",
        "latmax": 90,
        "latmin": -90,
        "lonmax": 180,
        "lonmin": -180,
        "name": "nicol",
        "projstring": "+proj=nicol",
        "res": "low",
        "type": "poly"
    },
    {
        "filename": "nsper.png",
        "latmax": 90,
        "latmin": -90,
        "lonmax": 180,
        "lonmin": -180,
        "name": "nsper",
        "projstring": "+proj=nsper +h=3000000 +lat_0=-20 +lon_0=145",
        "res": "med",
        "type": "poly"
    },
    {
        "filename": "nzmg.png",
        "latmax": -32,
        "latmin": -48,
        "lonmax": 180,
        "lonmin": 165,
        "name": "nzmg",
        "projstring": "+proj=nzmg",
        "res": "med",
        "type": "poly"
    },
    {
        "filename": "ob_tran.png",
        "latmax": 90,
        "latmin": -90,
        "lonmax": 180,
        "lonmin": -180,
        "name": "ob_tran",
        "projstring": "+proj=ob_tran +o_proj=mill +o_lon_p=40 +o_lat_p=50 +lon_0=60",
        "res": "low",
        "type": "poly"
    },
    {
        "filename": "ocea.png",
        "latmax": 90,
        "latmin": -90,
        "lonmax": 180,
        "lonmin": -180,
        "name": "ocea",
        "projstring": "+proj=ocea",
        "res": "low",
        "type": "poly"
    },
    {
        "filename": "oea.png",
        "latmax": 90,
        "latmin": -90,
        "lonmax": 180,
        "lonmin": -180,
        "name": "oea",
        "projstring": "+proj=oea +m=1 +n=2",
        "res": "low",
        "type": "poly"
    },
    {
        "filename": "omerc.png",
        "latmax": 90,
        "latmin": -90,
        "lonmax": 180,
        "lonmin": -180,
        "name": "omerc",
        "projstring": "+proj=omerc +lat_1=45 +lat_2=55",
        "res": "low",
        "type": "line"
    },
    {
        "filename": "ortel.png",
        "latmax": 90,
        "latmin": -90,
        "lonmax": 180,
        "lonmin": -180,
        "name": "ortel",
        "projstring": "+proj=ortel",
        "res": "low",
        "type": "poly"
    },
    {
        "filename": "ortho.png",
        "latmax": 90,
        "latmin": -90,
        "lonmax": 90,
        "lonmin": -90,
        "name": "ortho",
        "projstring": "+proj=ortho",
        "res": "low",
        "type": "poly"
    },
    {
        "filename": "pconic.png",
        "latmax": 90,
        "latmin": 0,
        "lonmax": 180,
        "lonmin": -180,
        "name": "pconic",
        "projstring": "+proj=pconic +lat_1=25 +lat_2=75",
        "res": "low",
        "type": "poly"
    },
    {
        "filename": "patterson.png",
        "latmax": 90,
        "latmin": -90,
        "lonmax": 180,
        "lonmin": -180,
        "name": "patterson",
        "projstring": "+proj=patterson",
        "res": "low",
        "type": "poly"
    },
    {
        "filename": "peirce_q.png",
        "latmax": 90,
        "latmin": -90,
        "lonmax": 180,
        "lonmin": -180,
        "name": "peirce_q",
        "projstring": "+proj=peirce_q",
        "res": "low",
        "type": "poly"
    },
    {
        "filename": "poly.png",
        "latmax": 90,
        "latmin": -90,
        "lonmax": 180,
        "lonmin": -180,
        "name": "poly",
        "projstring": "+proj=poly",
        "res": "low",
        "type": "poly"
    },
    {
        "filename": "putp1.png",
        "latmax": 90,
        "latmin": -90,
        "lonmax": 180,
        "lonmin": -180,
        "name": "putp1",
        "projstring": "+proj=putp1",
        "res": "low",
        "type": "poly"
    },
    {
        "filename": "putp2.png",
        "latmax": 90,
        "latmin": -90,
        "lonmax": 180,
        "lonmin": -180,
        "name": "putp2",
        "projstring": "+proj=putp2",
        "res": "low",
        "type": "poly"
    },
    {
        "filename": "putp3.png",
        "latmax": 90,
        "latmin": -90,
        "lonmax": 180,
        "lonmin": -180,
        "name": "putp3",
        "projstring": "+proj=putp3",
        "res": "low",
        "type": "poly"
    },
    {
        "filename": "putp3p.png",
        "latmax": 90,
        "latmin": -90,
        "lonmax": 180,
        "lonmin": -180,
        "name": "putp3p",
        "projstring": "+proj=putp3p",
        "res": "low",
        "type": "poly"
    },
    {
        "filename": "putp4p.png",
        "latmax": 90,
        "latmin": -90,
        "lonmax": 180,
        "lonmin": -180,
        "name": "putp4p",
        "projstring": "+proj=putp4p",
        "res": "low",
        "type": "poly"
    },
    {
        "filename": "putp5.png",
        "latmax": 90,
        "latmin": -90,
        "lonmax": 180,
        "lonmin": -180,
        "name": "putp5",
        "projstring": "+proj=putp5",
        "res": "low",
        "type": "poly"
    },
    {
        "filename": "putp5p.png",
        "latmax": 90,
        "latmin": -90,
        "lonmax": 180,
        "lonmin": -180,
        "name": "putp5p",
        "projstring": "+proj=putp5p",
        "res": "low",
        "type": "poly"
    },
    {
        "filename": "putp6.png",
        "latmax": 90,
        "latmin": -90,
        "lonmax": 180,
        "lonmin": -180,
        "name": "putp6",
        "projstring": "+proj=putp6",
        "res": "low",
        "type": "poly"
    },
    {
        "filename": "putp6p.png",
        "latmax": 90,
        "latmin": -90,
        "lonmax": 180,
        "lonmin": -180,
        "name": "putp6p",
        "projstring": "+proj=putp6p",
        "res": "low",
        "type": "poly"
    },
    {
        "filename": "qua_aut.png",
        "latmax": 90,
        "latmin": -90,
        "lonmax": 180,
        "lonmin": -180,
        "name": "qua_aut",
        "projstring": "+proj=qua_aut",
        "res": "low",
        "type": "poly"
    },
    {
        "filename": "qsc.png",
        "latmax": 90,
        "latmin": -90,
        "lonmax": 180,
        "lonmin": -180,
        "name": "qsc",
        "projstring": "+proj=qsc",
        "res": "low",
        "type": "poly"
    },
    {
        "filename": "robin.png",
        "latmax": 90,
        "latmin": -90,
        "lonmax": 180,
        "lonmin": -180,
        "name": "robin",
        "projstring": "+proj=robin",
        "res": "low",
        "type": "poly"
    },
    {
        "filename": "rouss.png",
        "latmax": 90,
        "latmin": -90,
        "lonmax": 180,
        "lonmin": -180,
        "name": "rouss",
        "projstring": "+proj=rouss",
        "res": "low",
        "type": "poly"
    },
    {
        "filename": "rpoly.png",
        "latmax": 90,
        "latmin": -90,
        "lonmax": 180,
        "lonmin": -180,
        "name": "rpoly",
        "projstring": "+proj=rpoly",
        "res": "low",
        "type": "poly"
    },
    {
        "filename": "sinu.png",
        "latmax": 90,
        "latmin": -90,
        "lonmax": 180,
        "lonmin": -180,
        "name": "sinu",
        "projstring": "+proj=sinu",
        "res": "low",
        "type": "poly"
    },
    {
        "filename": "somerc.png",
        "latmax": 60,
        "latmin": 30,
        "lonmax": 30,
        "lonmin": -15,
        "name": "somerc",
        "projstring": "+proj=somerc",
        "res": "med",
        "type": "poly"
    },
    {
        "filename": "stere.png",
        "latmax": 90.0,
        "latmin": 50.0,
        "lonmax": 180,
        "lonmin": -180,
        "name": "stere",
        "projstring": "+proj=stere +lat_0=90 +lat_ts=75",
        "res": "low",
        "type": "poly"
    },
    {
        "filename": "sterea.png",
        "latmax": 90,
        "latmin": 50,
        "lonmax": 180,
        "lonmin": -180,
        "name": "sterea",
        "projstring": "+proj=sterea +lat_0=90",
        "res": "low",
        "type": "poly"
    },
    {
        "filename": "gstmerc.png",
        "latmax": 90,
        "latmin": -90,
        "lonmax": 180,
        "lonmin": -180,
        "name": "gstmerc",
        "projstring": "+proj=gstmerc",
        "res": "low",
        "type": "line"
    },
    {
        "filename": "tcc.png",
        "latmax": 85,
        "latmin": 30,
        "lonmax": 45,
        "lonmin": -45,
        "name": "tcc",
        "projstring": "+proj=tcc",
        "res": "med",
        "type": "poly"
    },
    {
        "filename": "tcea.png",
        "latmax": 90,
        "latmin": -90,
        "lonmax": 180,
        "lonmin": -180,
        "name": "tcea",
        "projstring": "+proj=tcea",
        "res": "low",
        "type": "line"
    },
    {
        "filename": "times.png",
        "latmax": 90,
        "latmin": -90,
        "lonmax": 180,
        "lonmin": -180,
        "name": "times",
        "projstring": "+proj=times",
        "res": "low",
        "type": "poly"
    },
    {
        "filename": "tissot.png",
        "latmax": 90,
        "latmin": -90,
        "lonmax": 180,
        "lonmin": -180,
        "name": "tissot",
        "projstring": "+proj=tissot +lat_1=60 +lat_2=65",
        "res": "low",
        "type": "poly"
    },
    {
        "filename": "tmerc.png",
        "latmax": 90,
        "latmin": -90,
        "lonmax": 90,
        "lonmin": -90,
        "name": "tmerc",
        "projstring": "+proj=tmerc",
        "res": "low",
        "type": "poly"
    },
    {
        "filename": "tobmerc.png",
        "latmax": 80,
        "latmin": -80,
        "lonmax": 180,
        "lonmin": -180,
        "name": "tobmerc",
        "projstring": "+proj=tobmerc",
        "res": "low",
        "type": "poly"
    },
    {
        "filename": "tpeqd.png",
        "latmax": 90,
        "latmin": -90,
        "lonmax": 180,
        "lonmin": -180,
        "name": "tpeqd",
        "projstring": "+proj=tpeqd +lat_1=60 +lat_2=65",
        "res": "low",
        "type": "poly"
    },
    {
        "filename": "tpers.png",
        "latmax": 90,
        "latmin": 0,
        "lonmax": 75,
        "lonmin": -75,
        "name": "tpers",
        "projstring": "+proj=tpers +h=5500000 +lat_0=40",
        "res": "low",
        "type": "poly"
    },
    {
        "filename": "ups.png",
        "latmax": 90,
        "latmin": -20,
        "lonmax": 180,
        "lonmin": -180,
        "name": "ups",
        "projstring": "+proj=ups",
        "res": "low",
        "type": "poly"
    },
    {
        "filename": "urm5.png",
        "latmax": 90,
        "latmin": -90,
        "lonmax": 180,
        "lonmin": -180,
        "name": "urm5",
        "projstring": "+proj=urm5 +n=0.9 +alpha=2 +q=4",
        "res": "low",
        "type": "poly"
    },
    {
        "filename": "urmfps.png",
        "latmax": 90,
        "latmin": -90,
        "lonmax": 180,
        "lonmin": -180,
        "name": "urmfps",
        "projstring": "+proj=urmfps +n=0.5",
        "res": "low",
        "type": "poly"
    },
    {
        "filename": "utm.png",
        "latmax": 90,
        "latmin": -90,
        "lonmax": 180,
        "lonmin": -180,
        "name": "utm",
        "projstring": "+proj=utm",
        "res": "low",
        "type": "line"
    },
    {
        "filename": "vandg.png",
        "latmax": 90,
        "latmin": -90,
        "lonmax": 180,
        "lonmin": -180,
        "name": "vandg",
        "projstring": "+proj=vandg",
        "res": "low",
        "type": "poly"
    },
    {
        "filename": "vandg2.png",
        "latmax": 90,
        "latmin": -90,
        "lonmax": 180,
        "lonmin": -180,
        "name": "vandg2",
        "projstring": "+proj=vandg2",
        "res": "low",
        "type": "poly"
    },
    {
        "filename": "vandg3.png",
        "latmax": 90,
        "latmin": -90,
        "lonmax": 180,
        "lonmin": -180,
        "name": "vandg3",
        "projstring": "+proj=vandg3",
        "res": "low",
        "type": "poly"
    },
    {
        "filename": "vandg4.png",
        "latmax": 90,
        "latmin": -90,
        "lonmax": 180,
        "lonmin": -180,
        "name": "vandg4",
        "projstring": "+proj=vandg4",
        "res": "low",
        "type": "poly"
    },
    {
        "filename": "vitk1.png",
        "latmax": 90,
        "latmin": -90,
        "lonmax": 180,
        "lonmin": -180,
        "name": "vitk1",
        "projstring": "+proj=vitk1 +lat_1=45 +lat_2=55",
        "res": "low",
        "type": "poly"
    },
    {
        "filename": "wag1.png",
        "latmax": 90,
        "latmin": -90,
        "lonmax": 180,
        "lonmin": -180,
        "name": "wag1",
        "projstring": "+proj=wag1",
        "res": "low",
        "type": "poly"
    },
    {
        "filename": "wag2.png",
        "latmax": 90,
        "latmin": -90,
        "lonmax": 180,
        "lonmin": -180,
        "name": "wag2",
        "projstring": "+proj=wag2",
        "res": "low",
        "type": "poly"
    },
    {
        "filename": "wag3.png",
        "latmax": 90,
        "latmin": -90,
        "lonmax": 180,
        "lonmin": -180,
        "name": "wag3",
        "projstring": "+proj=wag3",
        "res": "low",
        "type": "poly"
    },
    {
        "filename": "wag4.png",
        "latmax": 90,
        "latmin": -90,
        "lonmax": 180,
        "lonmin": -180,
        "name": "wag4",
        "projstring": "+proj=wag4",
        "res": "low",
        "type": "poly"
    },
    {
        "filename": "wag5.png",
        "latmax": 90,
        "latmin": -90,
        "lonmax": 180,
        "lonmin": -180,
        "name": "wag5",
        "projstring": "+proj=wag5",
        "res": "low",
        "type": "poly"
    },
    {
        "filename": "wag6.png",
        "latmax": 90,
        "latmin": -90,
        "lonmax": 180,
        "lonmin": -180,
        "name": "wag6",
        "projstring": "+proj=wag6",
        "res": "low",
        "type": "poly"
    },
    {
        "filename": "wag7.png",
        "latmax": 90,
        "latmin": -90,
        "lonmax": 180,
        "lonmin": -180,
        "name": "wag7",
        "projstring": "+proj=wag7",
        "res": "low",
        "type": "poly"
    },
    {
        "filename": "weren.png",
        "latmax": 90,
        "latmin": -90,
        "lonmax": 180,
        "lonmin": -180,
        "name": "weren",
        "projstring": "+proj=weren",
        "res": "low",
        "type": "poly"
    },
    {
        "filename": "wink1.png",
        "latmax": 90,
        "latmin": -90,
        "lonmax": 180,
        "lonmin": -180,
        "name": "wink1",
        "projstring": "+proj=wink1",
        "res": "low",
        "type": "poly"
    },
    {
        "filename": "wink2.png",
        "latmax": 90,
        "latmin": -90,
        "lonmax": 180,
        "lonmin": -180,
        "name": "wink2",
        "projstring": "+proj=wink2",
        "res": "low",
        "type": "poly"
    },
    {
        "filename": "wintri.png",
        "latmax": 90,
        "latmin": -90,
        "lonmax": 180,
        "lonmin": -180,
        "name": "wintri",
        "projstring": "+proj=wintri",
        "res": "low",
        "type": "poly"
    }
]
